antecedents,consequents,antecedent support,consequent support,support,confidence,lift,leverage,conviction,zhangs_metric,ant_id,ant_aisle,ant_dept,con_id,con_aisle,con_dept
2,21,0.02458139,0.230375112,0.01041411,0.4236583,1.83899335,0.004751169,1.335362142,0.467721488,2,specialty cheeses,dairy eggs,21,packaged cheese,dairy eggs
21,2,0.230375112,0.02458139,0.01041411,0.045205013,1.83899335,0.004751169,1.021600054,0.592787799,21,packaged cheese,dairy eggs,2,specialty cheeses,dairy eggs
3,31,0.086922878,0.13390057,0.017654558,0.203106004,1.516841969,0.006015535,1.086843965,0.373172794,3,energy granola bars,snacks,31,refrigerated,beverages
31,3,0.13390057,0.086922878,0.017654558,0.131848269,1.516841969,0.006015535,1.051748317,0.393413884,31,refrigerated,beverages,3,energy granola bars,snacks
3,38,0.086922878,0.074091876,0.010137991,0.116632025,1.574154025,0.003697712,1.04815677,0.399460396,3,energy granola bars,snacks,38,frozen meals,frozen
38,3,0.074091876,0.086922878,0.010137991,0.136829998,1.574154025,0.003697712,1.057818413,0.393924774,38,frozen meals,frozen,3,energy granola bars,snacks
3,45,0.086922878,0.069581936,0.010669776,0.122749912,1.764106022,0.004621513,1.060607547,0.474374656,3,energy granola bars,snacks,45,candy chocolate,snacks
45,3,0.069581936,0.086922878,0.010669776,0.153341172,1.764106022,0.004621513,1.07844753,0.465533358,45,candy chocolate,snacks,3,energy granola bars,snacks
50,3,0.04598571,0.086922878,0.010669776,0.232023721,2.669305568,0.006672565,1.188939226,0.655515054,50,fruit vegetable snacks,snacks,3,energy granola bars,snacks
3,50,0.086922878,0.04598571,0.010669776,0.122749912,2.669305568,0.006672565,1.087505493,0.684904608,3,energy granola bars,snacks,50,fruit vegetable snacks,snacks
67,3,0.098291472,0.086922878,0.013540047,0.13775404,1.584784629,0.00499627,1.058952045,0.409222516,67,fresh dips tapenades,deli,3,energy granola bars,snacks
3,67,0.086922878,0.098291472,0.013540047,0.155770815,1.584784629,0.00499627,1.068084998,0.404127344,3,energy granola bars,snacks,67,fresh dips tapenades,deli
3,78,0.086922878,0.114347269,0.019069241,0.219381152,1.918551746,0.009129847,1.134552072,0.524351661,3,energy granola bars,snacks,78,crackers,snacks
78,3,0.114347269,0.086922878,0.019069241,0.166766039,1.918551746,0.009129847,1.09582322,0.540588302,78,crackers,snacks,3,energy granola bars,snacks
88,3,0.077524612,0.086922878,0.010976574,0.141588251,1.628895116,0.004237912,1.063681996,0.418533584,88,spreads,pantry,3,energy granola bars,snacks
3,88,0.086922878,0.077524612,0.010976574,0.126279462,1.628895116,0.004237912,1.055801424,0.422841534,3,energy granola bars,snacks,88,spreads,pantry
96,3,0.104396766,0.086922878,0.013720718,0.131428571,1.51201358,0.00464625,1.051240108,0.37810301,96,lunch meat,deli,3,energy granola bars,snacks
3,96,0.086922878,0.104396766,0.013720718,0.157849327,1.51201358,0.00464625,1.063471494,0.370867116,3,energy granola bars,snacks,96,lunch meat,deli
107,3,0.168084758,0.086922878,0.025869945,0.153910116,1.770651412,0.011259534,1.079172721,0.523173608,107,chips pretzels,snacks,3,energy granola bars,snacks
3,107,0.086922878,0.168084758,0.025869945,0.297619514,1.770651412,0.011259534,1.184422487,0.476669591,3,energy granola bars,snacks,107,chips pretzels,snacks
3,117,0.086922878,0.080442608,0.012612834,0.14510373,1.803816818,0.005620531,1.075636219,0.488041997,3,energy granola bars,snacks,117,nuts seeds dried fruit,snacks
117,3,0.080442608,0.086922878,0.012612834,0.156792949,1.803816818,0.005620531,1.082862294,0.484602686,117,nuts seeds dried fruit,snacks,3,energy granola bars,snacks
120,3,0.261859473,0.086922878,0.034463716,0.131611492,1.514117984,0.011702137,1.051461545,0.460006562,120,yogurt,dairy eggs,3,energy granola bars,snacks
3,120,0.086922878,0.261859473,0.034463716,0.396486137,1.514117984,0.011702137,1.22307137,0.37187383,3,energy granola bars,snacks,120,yogurt,dairy eggs
121,3,0.092080504,0.086922878,0.014003654,0.152080557,1.749603337,0.005999752,1.076844186,0.471894126,121,cereal,breakfast,3,energy granola bars,snacks
3,121,0.086922878,0.092080504,0.014003654,0.161104357,1.749603337,0.005999752,1.082279427,0.469228575,3,energy granola bars,snacks,121,cereal,breakfast
4,21,0.051180834,0.230375112,0.020712318,0.404688957,1.756652238,0.008921528,1.292811374,0.453969921,4,instant foods,dry goods pasta,21,packaged cheese,dairy eggs
21,4,0.230375112,0.051180834,0.020712318,0.089906927,1.756652238,0.008921528,1.042551794,0.559669222,21,packaged cheese,dairy eggs,4,instant foods,dry goods pasta
4,78,0.051180834,0.114347269,0.011327688,0.221326762,1.935566665,0.0054753,1.137386888,0.509428404,4,instant foods,dry goods pasta,78,crackers,snacks
78,4,0.114347269,0.051180834,0.011327688,0.099063916,1.935566665,0.0054753,1.053148146,0.545761806,78,crackers,snacks,4,instant foods,dry goods pasta
96,4,0.104396766,0.051180834,0.010083449,0.096587755,1.887186035,0.004740336,1.050261574,0.524909375,96,lunch meat,deli,4,instant foods,dry goods pasta
4,96,0.051180834,0.104396766,0.010083449,0.197016118,1.887186035,0.004740336,1.115343975,0.495469054,4,instant foods,dry goods pasta,96,lunch meat,deli
107,4,0.168084758,0.051180834,0.015275164,0.090877748,1.775620697,0.006672446,1.0436651,0.525073511,107,chips pretzels,snacks,4,instant foods,dry goods pasta
4,107,0.051180834,0.168084758,0.015275164,0.298454776,1.775620697,0.006672446,1.185832663,0.460379251,4,instant foods,dry goods pasta,107,chips pretzels,snacks
112,4,0.163438463,0.051180834,0.014201369,0.08689123,1.69772985,0.005836452,1.039108589,0.491270658,112,bread,bakery,4,instant foods,dry goods pasta
4,112,0.051180834,0.163438463,0.014201369,0.277474357,1.69772985,0.005836452,1.157829546,0.433146959,4,instant foods,dry goods pasta,112,bread,bakery
9,21,0.061993782,0.230375112,0.027472115,0.443143077,1.923571832,0.013190291,1.382087312,0.511866318,9,pasta sauce,dry goods pasta,21,packaged cheese,dairy eggs
21,9,0.230375112,0.061993782,0.027472115,0.119249493,1.923571832,0.013190291,1.065007866,0.623854291,21,packaged cheese,dairy eggs,9,pasta sauce,dry goods pasta
96,9,0.104396766,0.061993782,0.011433363,0.109518367,1.766602447,0.004961413,1.053369529,0.484524476,96,lunch meat,deli,9,pasta sauce,dry goods pasta
9,96,0.061993782,0.104396766,0.011433363,0.184427582,1.766602447,0.004961413,1.098128399,0.462621334,9,pasta sauce,dry goods pasta,96,lunch meat,deli
9,108,0.061993782,0.086639941,0.010015272,0.161552843,1.864646268,0.004644134,1.089347195,0.494352003,9,pasta sauce,dry goods pasta,108,other creams cheeses,dairy eggs
108,9,0.086639941,0.061993782,0.010015272,0.115596475,1.864646268,0.004644134,1.060608863,0.507691625,108,other creams cheeses,dairy eggs,9,pasta sauce,dry goods pasta
112,9,0.163438463,0.061993782,0.016611443,0.101637293,1.639475591,0.006479274,1.044128624,0.466252447,112,bread,bakery,9,pasta sauce,dry goods pasta
9,112,0.061993782,0.163438463,0.016611443,0.267953371,1.639475591,0.006479274,1.142770834,0.415827588,9,pasta sauce,dry goods pasta,112,bread,bakery
9,116,0.061993782,0.123892116,0.012544656,0.202353459,1.633303759,0.004864115,1.098366054,0.413370411,9,pasta sauce,dry goods pasta,116,frozen produce,frozen
116,9,0.123892116,0.061993782,0.012544656,0.101254678,1.633303759,0.004864115,1.043684116,0.44257565,116,frozen produce,frozen,9,pasta sauce,dry goods pasta
9,131,0.061993782,0.070723908,0.019416946,0.313207962,4.428600864,0.015032504,1.353067654,0.825362385,9,pasta sauce,dry goods pasta,131,dry pasta,dry goods pasta
131,9,0.070723908,0.061993782,0.019416946,0.274545717,4.428600864,0.015032504,1.292991496,0.833116289,131,dry pasta,dry goods pasta,9,pasta sauce,dry goods pasta
83,14,0.444149009,0.032994491,0.023923478,0.053863629,1.63250371,0.009269007,1.02205722,0.697028468,83,fresh vegetables,produce,14,tofu meat alternatives,deli
14,83,0.032994491,0.444149009,0.023923478,0.725074904,1.63250371,0.009269007,2.021827037,0.400663658,14,tofu meat alternatives,deli,83,fresh vegetables,produce
91,14,0.169952821,0.032994491,0.011245875,0.066170571,2.005503607,0.005638368,1.035526916,0.604028468,91,soy lactosefree,dairy eggs,14,tofu meat alternatives,deli
14,91,0.032994491,0.169952821,0.011245875,0.340840996,2.005503607,0.005638368,1.259251825,0.518479079,14,tofu meat alternatives,deli,91,soy lactosefree,dairy eggs
16,17,0.093491778,0.07625992,0.01195833,0.127907825,1.677261463,0.004828654,1.059222988,0.445434497,16,fresh herbs,produce,17,baking ingredients,pantry
17,16,0.07625992,0.093491778,0.01195833,0.156810156,1.677261463,0.004828654,1.075093858,0.437125164,17,baking ingredients,pantry,16,fresh herbs,produce
16,19,0.093491778,0.067826366,0.012435572,0.13301247,1.961073231,0.006094365,1.0751869,0.540618523,16,fresh herbs,produce,19,oils vinegars,pantry
19,16,0.067826366,0.093491778,0.012435572,0.183344223,1.961073231,0.006094365,1.110024869,0.525733746,19,oils vinegars,pantry,16,fresh herbs,produce
16,36,0.093491778,0.074674793,0.011337915,0.121271786,1.623998947,0.004356436,1.053027764,0.423863838,16,fresh herbs,produce,36,butter,dairy eggs
36,16,0.074674793,0.093491778,0.011337915,0.151830549,1.623998947,0.004356436,1.068781976,0.415244339,36,butter,dairy eggs,16,fresh herbs,produce
16,59,0.093491778,0.070096676,0.013836619,0.14799825,2.111344774,0.007283157,1.091433585,0.580654647,16,fresh herbs,produce,59,canned meals beans,canned goods
59,16,0.070096676,0.093491778,0.013836619,0.197393376,2.111344774,0.007283157,1.129455197,0.566046167,59,canned meals beans,canned goods,16,fresh herbs,produce
16,69,0.093491778,0.083527639,0.015905806,0.170130533,2.036817212,0.008096659,1.104357248,0.561537022,16,fresh herbs,produce,69,soup broth bouillon,canned goods
69,16,0.083527639,0.093491778,0.015905806,0.190425662,2.036817212,0.008096659,1.119734384,0.555431837,69,soup broth bouillon,canned goods,16,fresh herbs,produce
16,81,0.093491778,0.074132782,0.017934086,0.191825275,2.587590387,0.01100328,1.145627535,0.676816884,16,fresh herbs,produce,81,canned jarred vegetables,canned goods
81,16,0.074132782,0.093491778,0.017934086,0.241918426,2.587590387,0.01100328,1.195792449,0.662665292,81,canned jarred vegetables,canned goods,16,fresh herbs,produce
16,83,0.093491778,0.444149009,0.079290409,0.848100343,1.909495071,0.037766128,3.659330122,0.525424186,16,fresh herbs,produce,83,fresh vegetables,produce
83,16,0.444149009,0.093491778,0.079290409,0.178522089,1.909495071,0.037766128,1.103508944,0.856886742,83,fresh vegetables,produce,16,fresh herbs,produce
104,16,0.051848973,0.093491778,0.013120756,0.253057199,2.706732134,0.008273303,1.213624686,0.665032036,104,spices seasonings,pantry,16,fresh herbs,produce
16,104,0.093491778,0.051848973,0.013120756,0.140341282,2.706732134,0.008273303,1.102938884,0.695582006,16,fresh herbs,produce,104,spices seasonings,pantry
16,108,0.093491778,0.086639941,0.012650331,0.13530956,1.561745756,0.004550209,1.056285599,0.396787259,16,fresh herbs,produce,108,other creams cheeses,dairy eggs
108,16,0.086639941,0.093491778,0.012650331,0.146010387,1.561745756,0.004550209,1.061497949,0.393810643,108,other creams cheeses,dairy eggs,16,fresh herbs,produce
16,116,0.093491778,0.123892116,0.017777278,0.190148035,1.534787208,0.006194384,1.081812383,0.384380274,16,fresh herbs,produce,116,frozen produce,frozen
116,16,0.123892116,0.093491778,0.017777278,0.143489985,1.534787208,0.006194384,1.05837434,0.397718004,116,frozen produce,frozen,16,fresh herbs,produce
16,123,0.093491778,0.368512913,0.053376149,0.570918107,1.54924858,0.018923221,1.471716932,0.391089439,16,fresh herbs,produce,123,packaged vegetables fruits,produce
123,16,0.368512913,0.093491778,0.053376149,0.144842004,1.54924858,0.018923221,1.060047648,0.561414159,123,packaged vegetables fruits,produce,16,fresh herbs,produce
16,131,0.093491778,0.070723908,0.012074232,0.129147524,1.826080134,0.005462128,1.067087845,0.499034532,16,fresh herbs,produce,131,dry pasta,dry goods pasta
131,16,0.070723908,0.093491778,0.012074232,0.170723478,1.826080134,0.005462128,1.09313142,0.486807861,131,dry pasta,dry goods pasta,16,fresh herbs,produce
17,19,0.07625992,0.067826366,0.011102703,0.145590273,2.146514439,0.005930269,1.091014773,0.578223751,17,baking ingredients,pantry,19,oils vinegars,pantry
19,17,0.067826366,0.07625992,0.011102703,0.163693019,2.146514439,0.005930269,1.104546657,0.57299245,19,oils vinegars,pantry,17,baking ingredients,pantry
17,36,0.07625992,0.074674793,0.013413919,0.175897367,2.355511935,0.007719225,1.122827631,0.622971601,17,baking ingredients,pantry,36,butter,dairy eggs
36,17,0.074674793,0.07625992,0.013413919,0.179631151,2.355511935,0.007719225,1.126005798,0.621904421,36,butter,dairy eggs,17,baking ingredients,pantry
17,53,0.07625992,0.091340778,0.011181107,0.14661839,1.605179993,0.004215466,1.064774786,0.408141763,17,baking ingredients,pantry,53,cream,dairy eggs
53,17,0.091340778,0.07625992,0.011181107,0.122410898,1.605179993,0.004215466,1.052588367,0.414915621,53,cream,dairy eggs,17,baking ingredients,pantry
17,69,0.07625992,0.083527639,0.010097085,0.132403558,1.58514666,0.003727274,1.056334854,0.399618415,17,baking ingredients,pantry,69,soup broth bouillon,canned goods
69,17,0.083527639,0.07625992,0.010097085,0.120883157,1.58514666,0.003727274,1.050759166,0.40278743,69,soup broth bouillon,canned goods,17,baking ingredients,pantry
81,17,0.074132782,0.07625992,0.010148218,0.136892445,1.795077221,0.004494858,1.070249096,0.478384906,81,canned jarred vegetables,canned goods,17,baking ingredients,pantry
17,81,0.07625992,0.074132782,0.010148218,0.133074069,1.795077221,0.004494858,1.067988838,0.479486504,17,baking ingredients,pantry,81,canned jarred vegetables,canned goods
17,108,0.07625992,0.086639941,0.01102089,0.144517456,1.668023475,0.004413735,1.067654816,0.433550587,17,baking ingredients,pantry,108,other creams cheeses,dairy eggs
108,17,0.086639941,0.07625992,0.01102089,0.127203336,1.668023475,0.004413735,1.058368024,0.438477739,108,other creams cheeses,dairy eggs,17,baking ingredients,pantry
17,117,0.07625992,0.080442608,0.010226622,0.134102186,1.667054175,0.004092075,1.061969873,0.433173226,17,baking ingredients,pantry,117,nuts seeds dried fruit,snacks
117,17,0.080442608,0.07625992,0.010226622,0.127129418,1.667054175,0.004092075,1.058278397,0.435143553,117,nuts seeds dried fruit,snacks,17,baking ingredients,pantry
36,21,0.074674793,0.230375112,0.026793749,0.358805807,1.557485107,0.009590536,1.200299216,0.386825392,36,butter,dairy eggs,21,packaged cheese,dairy eggs
21,36,0.230375112,0.074674793,0.026793749,0.116304879,1.557485107,0.009590536,1.047109104,0.465082785,21,packaged cheese,dairy eggs,36,butter,dairy eggs
43,21,0.032455889,0.230375112,0.012616243,0.388719672,1.687333619,0.005139213,1.259037552,0.421013337,43,buns rolls,bakery,21,packaged cheese,dairy eggs
21,43,0.230375112,0.032455889,0.012616243,0.054763913,1.687333619,0.005139213,1.023600478,0.529282487,21,packaged cheese,dairy eggs,43,buns rolls,bakery
49,21,0.035949985,0.230375112,0.012633287,0.351412858,1.525394189,0.004351305,1.186617553,0.357275809,49,packaged poultry,meat seafood,21,packaged cheese,dairy eggs
21,49,0.230375112,0.035949985,0.012633287,0.054837898,1.525394189,0.004351305,1.019983782,0.44753198,21,packaged cheese,dairy eggs,49,packaged poultry,meat seafood
50,21,0.04598571,0.230375112,0.015991028,0.347739066,1.509447189,0.005397065,1.179934053,0.353774371,50,fruit vegetable snacks,snacks,21,packaged cheese,dairy eggs
21,50,0.230375112,0.04598571,0.015991028,0.069413001,1.509447189,0.005397065,1.025174745,0.438532863,21,packaged cheese,dairy eggs,50,fruit vegetable snacks,snacks
51,21,0.032135455,0.230375112,0.012677602,0.394505145,1.712446889,0.005274393,1.271067592,0.429853832,51,preserved dips spreads,pantry,21,packaged cheese,dairy eggs
21,51,0.230375112,0.032135455,0.012677602,0.05503026,1.712446889,0.005274393,1.024228083,0.540575403,21,packaged cheese,dairy eggs,51,preserved dips spreads,pantry
52,21,0.061680166,0.230375112,0.023074668,0.374101912,1.623881626,0.008865093,1.229632911,0.409446281,52,frozen breakfast,frozen,21,packaged cheese,dairy eggs
21,52,0.230375112,0.061680166,0.023074668,0.100161288,1.623881626,0.008865093,1.042764466,0.499193273,21,packaged cheese,dairy eggs,52,frozen breakfast,frozen
59,21,0.070096676,0.230375112,0.027161908,0.387492097,1.682005028,0.011013378,1.256514217,0.43603614,59,canned meals beans,canned goods,21,packaged cheese,dairy eggs
21,59,0.230375112,0.070096676,0.027161908,0.117902961,1.682005028,0.011013378,1.054196175,0.526842963,21,packaged cheese,dairy eggs,59,canned meals beans,canned goods
72,21,0.05930759,0.230375112,0.020504377,0.345729394,1.500723713,0.006841384,1.176309742,0.354690678,72,condiments,pantry,21,packaged cheese,dairy eggs
21,72,0.230375112,0.05930759,0.020504377,0.089004306,1.500723713,0.006841384,1.032598086,0.433529157,21,packaged cheese,dairy eggs,72,condiments,pantry
21,78,0.230375112,0.114347269,0.042760915,0.1856143,1.623250838,0.01641815,1.08751017,0.498882342,21,packaged cheese,dairy eggs,78,crackers,snacks
78,21,0.114347269,0.230375112,0.042760915,0.373956594,1.623250838,0.01641815,1.229347487,0.433524623,78,crackers,snacks,21,packaged cheese,dairy eggs
21,79,0.230375112,0.042962039,0.016062614,0.069723739,1.622915041,0.00616523,1.028767476,0.498716721,21,packaged cheese,dairy eggs,79,frozen pizza,frozen
79,21,0.042962039,0.230375112,0.016062614,0.373879235,1.622915041,0.00616523,1.229195597,0.401054938,79,frozen pizza,frozen,21,packaged cheese,dairy eggs
81,21,0.074132782,0.230375112,0.027959584,0.37715547,1.637136345,0.010881236,1.235661309,0.420338164,81,canned jarred vegetables,canned goods,21,packaged cheese,dairy eggs
21,81,0.230375112,0.074132782,0.027959584,0.121365473,1.637136345,0.010881236,1.053756925,0.505671441,21,packaged cheese,dairy eggs,81,canned jarred vegetables,canned goods
89,21,0.027001691,0.230375112,0.010727726,0.397298321,1.724571359,0.004507209,1.27695826,0.43180524,89,salad dressing toppings,pantry,21,packaged cheese,dairy eggs
21,89,0.230375112,0.027001691,0.010727726,0.046566343,1.724571359,0.004507209,1.020520203,0.5459098,21,packaged cheese,dairy eggs,89,salad dressing toppings,pantry
92,21,0.045920941,0.230375112,0.017204587,0.37465667,1.626289688,0.006625545,1.230723749,0.403638877,92,baby food formula,babies,21,packaged cheese,dairy eggs
21,92,0.230375112,0.045920941,0.017204587,0.074680753,1.626289688,0.006625545,1.031080962,0.500378049,21,packaged cheese,dairy eggs,92,baby food formula,babies
93,21,0.068160435,0.230375112,0.024264365,0.355988997,1.545258051,0.008561897,1.195049284,0.378669151,93,breakfast bakery,bakery,21,packaged cheese,dairy eggs
21,93,0.230375112,0.068160435,0.024264365,0.105325461,1.545258051,0.008561897,1.041540275,0.458481661,21,packaged cheese,dairy eggs,93,breakfast bakery,bakery
96,21,0.104396766,0.230375112,0.044973274,0.430791837,1.869958226,0.020922858,1.352097417,0.519458481,96,lunch meat,deli,21,packaged cheese,dairy eggs
21,96,0.230375112,0.104396766,0.044973274,0.195217591,1.869958226,0.020922858,1.112851404,0.604487593,21,packaged cheese,dairy eggs,96,lunch meat,deli
105,21,0.028031171,0.230375112,0.010850446,0.387085005,1.680237944,0.004392762,1.255679653,0.416521792,105,doughs gelatins bake mixes,pantry,21,packaged cheese,dairy eggs
21,105,0.230375112,0.028031171,0.010850446,0.047099037,1.680237944,0.004392762,1.020010333,0.526030544,21,packaged cheese,dairy eggs,105,doughs gelatins bake mixes,pantry
106,21,0.083967384,0.230375112,0.031480951,0.374918805,1.62742755,0.012136956,1.231239867,0.42087292,106,hot dogs bacon sausage,meat seafood,21,packaged cheese,dairy eggs
21,106,0.230375112,0.083967384,0.031480951,0.136650834,1.62742755,0.012136956,1.061022182,0.500936662,21,packaged cheese,dairy eggs,106,hot dogs bacon sausage,meat seafood
108,21,0.086639941,0.230375112,0.036962421,0.426621026,1.851853794,0.017002734,1.342262138,0.503635518,108,other creams cheeses,dairy eggs,21,packaged cheese,dairy eggs
21,108,0.230375112,0.086639941,0.036962421,0.160444504,1.851853794,0.017002734,1.087909093,0.597694505,21,packaged cheese,dairy eggs,108,other creams cheeses,dairy eggs
21,110,0.230375112,0.031832065,0.012749189,0.055340998,1.738529932,0.005415873,1.024886158,0.551959009,21,packaged cheese,dairy eggs,110,pickled goods olives,pantry
110,21,0.031832065,0.230375112,0.012749189,0.400514029,1.738529932,0.005415873,1.283808003,0.438768291,110,pickled goods olives,pantry,21,packaged cheese,dairy eggs
112,21,0.163438463,0.230375112,0.060207532,0.368380436,1.599046147,0.022555378,1.218494377,0.447817838,112,bread,bakery,21,packaged cheese,dairy eggs
21,112,0.230375112,0.163438463,0.060207532,0.261345644,1.599046147,0.022555378,1.132548032,0.486765936,21,packaged cheese,dairy eggs,112,bread,bakery
128,21,0.056393002,0.230375112,0.024959775,0.442604123,1.921232367,0.011968231,1.38075095,0.508157267,128,tortillas flat bread,bakery,21,packaged cheese,dairy eggs
21,128,0.230375112,0.056393002,0.024959775,0.108344061,1.921232367,0.011968231,1.058263571,0.623031766,21,packaged cheese,dairy eggs,128,tortillas flat bread,bakery
129,21,0.051934195,0.230375112,0.020020317,0.385493928,1.673331482,0.008055971,1.252428451,0.424432328,129,frozen appetizers sides,frozen,21,packaged cheese,dairy eggs
21,129,0.230375112,0.051934195,0.020020317,0.086903124,1.673331482,0.008055971,1.038297063,0.522838832,21,packaged cheese,dairy eggs,129,frozen appetizers sides,frozen
131,21,0.070723908,0.230375112,0.030567373,0.432207066,1.876101378,0.014274345,1.355467533,0.502519938,131,dry pasta,dry goods pasta,21,packaged cheese,dairy eggs
21,131,0.230375112,0.070723908,0.030567373,0.132685222,1.876101378,0.014274345,1.071440399,0.606762816,21,packaged cheese,dairy eggs,131,dry pasta,dry goods pasta
78,23,0.114347269,0.045781178,0.010362977,0.090627236,1.979574155,0.005128024,1.049315374,0.558730111,78,crackers,snacks,23,popcorn jerky,snacks
23,78,0.045781178,0.114347269,0.010362977,0.226358898,1.979574155,0.005128024,1.144785003,0.51858215,23,popcorn jerky,snacks,78,crackers,snacks
107,23,0.168084758,0.045781178,0.015639914,0.093047781,2.03244622,0.007944796,1.05211587,0.610617567,107,chips pretzels,snacks,23,popcorn jerky,snacks
23,107,0.045781178,0.168084758,0.015639914,0.341623232,2.03244622,0.007944796,1.263585354,0.532353847,23,popcorn jerky,snacks,107,chips pretzels,snacks
83,30,0.444149009,0.02107025,0.01492405,0.033601449,1.594734231,0.00556572,1.012966906,0.670928491,83,fresh vegetables,produce,30,latino foods,international
30,83,0.02107025,0.444149009,0.01492405,0.708299628,1.594734231,0.00556572,1.905554619,0.380963258,30,latino foods,international,83,fresh vegetables,produce
52,31,0.061680166,0.13390057,0.012438981,0.201669062,1.506110554,0.004179972,1.084887718,0.358127479,52,frozen breakfast,frozen,31,refrigerated,beverages
31,52,0.13390057,0.061680166,0.012438981,0.092897149,1.506110554,0.004179972,1.03441394,0.387990229,31,refrigerated,beverages,52,frozen breakfast,frozen
94,31,0.055707819,0.13390057,0.012193542,0.218883858,1.634674577,0.004734234,1.108797249,0.411162407,94,tea,beverages,31,refrigerated,beverages
31,94,0.13390057,0.055707819,0.012193542,0.091064155,1.634674577,0.004734234,1.038898605,0.448282764,31,refrigerated,beverages,94,tea,beverages
98,31,0.089281818,0.13390057,0.021881562,0.245084189,1.83034463,0.009926676,1.147279495,0.498128632,98,juice nectars,beverages,31,refrigerated,beverages
31,98,0.13390057,0.089281818,0.021881562,0.163416497,1.83034463,0.009926676,1.088615994,0.523790671,31,refrigerated,beverages,98,juice nectars,beverages
83,35,0.444149009,0.03859868,0.028869754,0.065000154,1.683999384,0.011726188,1.028236875,0.730727409,83,fresh vegetables,produce,35,poultry counter,meat seafood
35,83,0.03859868,0.444149009,0.028869754,0.747946657,1.683999384,0.011726188,2.205291091,0.422482835,35,poultry counter,meat seafood,83,fresh vegetables,produce
36,53,0.074674793,0.091340778,0.012698056,0.170044737,1.861651934,0.005877202,1.094829157,0.500194588,36,butter,dairy eggs,53,cream,dairy eggs
53,36,0.091340778,0.074674793,0.012698056,0.139018474,1.861651934,0.005877202,1.074732939,0.509368803,53,cream,dairy eggs,36,butter,dairy eggs
84,36,0.243632223,0.074674793,0.027952767,0.114733455,1.53644154,0.009759581,1.045250395,0.461608016,84,milk,dairy eggs,36,butter,dairy eggs
36,84,0.074674793,0.243632223,0.027952767,0.374326668,1.53644154,0.009759581,1.208886073,0.377321861,36,butter,dairy eggs,84,milk,dairy eggs
36,86,0.074674793,0.137537839,0.016747798,0.224276454,1.630652745,0.006477188,1.111816401,0.417959703,36,butter,dairy eggs,86,eggs,dairy eggs
86,36,0.137537839,0.074674793,0.016747798,0.121768657,1.630652745,0.006477188,1.053623529,0.448423903,86,eggs,dairy eggs,36,butter,dairy eggs
96,36,0.104396766,0.074674793,0.011934468,0.114318367,1.530882941,0.004138661,1.044760524,0.387205157,96,lunch meat,deli,36,butter,dairy eggs
36,96,0.074674793,0.104396766,0.011934468,0.159819228,1.530882941,0.004138661,1.065964925,0.374767907,36,butter,dairy eggs,96,lunch meat,deli
106,36,0.083967384,0.074674793,0.0107175,0.127638844,1.709262764,0.004447253,1.060713444,0.452988723,106,hot dogs bacon sausage,meat seafood,36,butter,dairy eggs
36,106,0.074674793,0.083967384,0.0107175,0.143522323,1.709262764,0.004447253,1.069534724,0.448439578,36,butter,dairy eggs,106,hot dogs bacon sausage,meat seafood
108,36,0.086639941,0.074674793,0.01247307,0.143964432,1.927885238,0.00600325,1.080942476,0.526952017,108,other creams cheeses,dairy eggs,36,butter,dairy eggs
36,108,0.074674793,0.086639941,0.01247307,0.167031863,1.927885238,0.00600325,1.096512602,0.520138133,36,butter,dairy eggs,108,other creams cheeses,dairy eggs
112,36,0.163438463,0.074674793,0.019935095,0.121973094,1.633390447,0.007730362,1.053868851,0.463536145,112,bread,bakery,36,butter,dairy eggs
36,112,0.074674793,0.163438463,0.019935095,0.266958824,1.633390447,0.007730362,1.14122039,0.419070514,36,butter,dairy eggs,112,bread,bakery
37,38,0.110178216,0.074091876,0.014521803,0.131802853,1.778910993,0.006358492,1.066472203,0.492074184,37,ice cream ice,frozen,38,frozen meals,frozen
38,37,0.074091876,0.110178216,0.014521803,0.195997239,1.778910993,0.006358492,1.106739713,0.472896086,38,frozen meals,frozen,37,ice cream ice,frozen
45,37,0.069581936,0.110178216,0.011620851,0.167009602,1.515813274,0.003954438,1.06822574,0.365736812,45,candy chocolate,snacks,37,ice cream ice,frozen
37,45,0.110178216,0.069581936,0.011620851,0.105473222,1.515813274,0.003954438,1.04012321,0.382422798,37,ice cream ice,frozen,45,candy chocolate,snacks
52,37,0.061680166,0.110178216,0.011174289,0.181165027,1.644290802,0.004378478,1.086692451,0.417592228,52,frozen breakfast,frozen,37,ice cream ice,frozen
37,52,0.110178216,0.061680166,0.011174289,0.101420129,1.644290802,0.004378478,1.044225299,0.440352301,37,ice cream ice,frozen,52,frozen breakfast,frozen
61,37,0.059051924,0.110178216,0.011876517,0.201119898,1.825405292,0.005370281,1.11383646,0.480554098,61,cookies cakes,snacks,37,ice cream ice,frozen
37,61,0.110178216,0.059051924,0.011876517,0.107793695,1.825405292,0.005370281,1.054630605,0.508165188,37,ice cream ice,frozen,61,cookies cakes,snacks
77,37,0.087758052,0.110178216,0.014941095,0.170253263,1.545253401,0.005272069,1.072401667,0.386801933,77,soft drinks,beverages,37,ice cream ice,frozen
37,77,0.110178216,0.087758052,0.014941095,0.135608428,1.545253401,0.005272069,1.055357291,0.396547888,37,ice cream ice,frozen,77,soft drinks,beverages
107,37,0.168084758,0.110178216,0.028314107,0.168451367,1.528899025,0.009794828,1.070077863,0.415829103,107,chips pretzels,snacks,37,ice cream ice,frozen
37,107,0.110178216,0.168084758,0.028314107,0.256984623,1.528899025,0.009794828,1.119647409,0.388768375,37,ice cream ice,frozen,107,chips pretzels,snacks
52,38,0.061680166,0.074091876,0.011375412,0.184425777,2.489149776,0.006805413,1.135283702,0.637582597,52,frozen breakfast,frozen,38,frozen meals,frozen
38,52,0.074091876,0.061680166,0.011375412,0.153531171,2.489149776,0.006805413,1.108510794,0.646129331,38,frozen meals,frozen,52,frozen breakfast,frozen
69,38,0.083527639,0.074091876,0.010707273,0.128188385,1.730127405,0.004518554,1.062050686,0.460469843,69,soup broth bouillon,canned goods,38,frozen meals,frozen
38,69,0.074091876,0.083527639,0.010707273,0.144513458,1.730127405,0.004518554,1.071287876,0.455777277,38,frozen meals,frozen,69,soup broth bouillon,canned goods
38,78,0.074091876,0.114347269,0.012977583,0.17515528,1.531783674,0.00450538,1.073720555,0.374946815,38,frozen meals,frozen,78,crackers,snacks
78,38,0.114347269,0.074091876,0.012977583,0.113492726,1.531783674,0.00450538,1.044445039,0.391989196,78,crackers,snacks,38,frozen meals,frozen
38,79,0.074091876,0.042962039,0.010008454,0.135081666,3.14420985,0.006825316,1.106506734,0.736525637,38,frozen meals,frozen,79,frozen pizza,frozen
79,38,0.042962039,0.074091876,0.010008454,0.232960406,3.14420985,0.006825316,1.207119074,0.712568465,79,frozen pizza,frozen,38,frozen meals,frozen
96,38,0.104396766,0.074091876,0.011736753,0.11242449,1.51736595,0.004001801,1.043188003,0.380707871,96,lunch meat,deli,38,frozen meals,frozen
38,96,0.074091876,0.104396766,0.011736753,0.158408098,1.51736595,0.004001801,1.06417758,0.368247336,38,frozen meals,frozen,96,lunch meat,deli
107,38,0.168084758,0.074091876,0.01979874,0.117790217,1.589785858,0.007345025,1.049532823,0.44594022,107,chips pretzels,snacks,38,frozen meals,frozen
38,107,0.074091876,0.168084758,0.01979874,0.267218772,1.589785858,0.007345025,1.135284597,0.400670927,38,frozen meals,frozen,107,chips pretzels,snacks
121,38,0.092080504,0.074091876,0.010727726,0.116503776,1.572423084,0.003905309,1.04800462,0.400959388,121,cereal,breakfast,38,frozen meals,frozen
38,121,0.074091876,0.092080504,0.010727726,0.14478951,1.572423084,0.003905309,1.061632787,0.393169512,38,frozen meals,frozen,121,cereal,breakfast
129,38,0.051934195,0.074091876,0.010281164,0.197965212,2.671888235,0.006433262,1.154448831,0.660009933,129,frozen appetizers sides,frozen,38,frozen meals,frozen
38,129,0.074091876,0.051934195,0.010281164,0.138762365,2.671888235,0.006433262,1.1008179,0.675804469,38,frozen meals,frozen,129,frozen appetizers sides,frozen
77,45,0.087758052,0.069581936,0.01004936,0.114512119,1.645716208,0.003942985,1.050740597,0.43010719,77,soft drinks,beverages,45,candy chocolate,snacks
45,77,0.069581936,0.087758052,0.01004936,0.144424848,1.645716208,0.003942985,1.066232401,0.421704861,45,candy chocolate,snacks,77,soft drinks,beverages
45,78,0.069581936,0.114347269,0.012773051,0.183568489,1.60535963,0.004816547,1.084785091,0.40528729,45,candy chocolate,snacks,78,crackers,snacks
78,45,0.114347269,0.069581936,0.012773051,0.111704031,1.60535963,0.004816547,1.047418987,0.425772543,78,crackers,snacks,45,candy chocolate,snacks
107,45,0.168084758,0.069581936,0.019883962,0.118297234,1.700114154,0.008188299,1.055251384,0.495007402,107,chips pretzels,snacks,45,candy chocolate,snacks
45,107,0.069581936,0.168084758,0.019883962,0.285763277,1.700114154,0.008188299,1.164761226,0.442601255,45,candy chocolate,snacks,107,chips pretzels,snacks
45,117,0.069581936,0.080442608,0.010209578,0.146727415,1.824001217,0.004612225,1.077683038,0.485539532,45,candy chocolate,snacks,117,nuts seeds dried fruit,snacks
117,45,0.080442608,0.069581936,0.010209578,0.126917535,1.824001217,0.004612225,1.065670314,0.491274124,117,nuts seeds dried fruit,snacks,45,candy chocolate,snacks
49,83,0.035949985,0.444149009,0.024209823,0.673430685,1.516226923,0.008242673,1.702091915,0.353164369,49,packaged poultry,meat seafood,83,fresh vegetables,produce
83,49,0.444149009,0.035949985,0.024209823,0.054508335,1.516226923,0.008242673,1.019628254,0.612516881,83,fresh vegetables,produce,49,packaged poultry,meat seafood
50,78,0.04598571,0.114347269,0.011675393,0.253891772,2.220357113,0.006417053,1.18702984,0.576115058,50,fruit vegetable snacks,snacks,78,crackers,snacks
78,50,0.114347269,0.04598571,0.011675393,0.102104698,2.220357113,0.006417053,1.062500592,0.620584094,78,crackers,snacks,50,fruit vegetable snacks,snacks
50,107,0.04598571,0.168084758,0.01553083,0.337731653,2.009293743,0.007801333,1.256160355,0.52652533,50,fruit vegetable snacks,snacks,107,chips pretzels,snacks
107,50,0.168084758,0.04598571,0.01553083,0.092398799,2.009293743,0.007801333,1.051138197,0.603802724,107,chips pretzels,snacks,50,fruit vegetable snacks,snacks
120,50,0.261859473,0.04598571,0.01873858,0.071559681,1.55612865,0.006696787,1.027545089,0.484162021,120,yogurt,dairy eggs,50,fruit vegetable snacks,snacks
50,120,0.04598571,0.261859473,0.01873858,0.407487027,1.55612865,0.006696787,1.245779521,0.374606139,50,fruit vegetable snacks,snacks,120,yogurt,dairy eggs
107,51,0.168084758,0.032135455,0.01368322,0.081406668,2.533235277,0.00828174,1.053637678,0.727535508,107,chips pretzels,snacks,51,preserved dips spreads,pantry
51,107,0.032135455,0.168084758,0.01368322,0.425798239,2.533235277,0.00828174,1.448820429,0.625343579,51,preserved dips spreads,pantry,107,chips pretzels,snacks
52,78,0.061680166,0.114347269,0.012888953,0.208964298,1.827453333,0.005835994,1.119611578,0.482554442,52,frozen breakfast,frozen,78,crackers,snacks
78,52,0.114347269,0.061680166,0.012888953,0.112717625,1.827453333,0.005835994,1.057521101,0.511250503,78,crackers,snacks,52,frozen breakfast,frozen
52,86,0.061680166,0.137537839,0.013270746,0.215154195,1.564327294,0.00478739,1.098893765,0.384461217,52,frozen breakfast,frozen,86,eggs,dairy eggs
86,52,0.137537839,0.061680166,0.013270746,0.096487967,1.564327294,0.00478739,1.038525,0.41827642,86,eggs,dairy eggs,52,frozen breakfast,frozen
96,52,0.104396766,0.061680166,0.012793504,0.122546939,1.986812733,0.006354294,1.069367554,0.554577386,96,lunch meat,deli,52,frozen breakfast,frozen
52,96,0.061680166,0.104396766,0.012793504,0.207416823,1.986812733,0.006354294,1.129980121,0.529330493,52,frozen breakfast,frozen,96,lunch meat,deli
106,52,0.083967384,0.061680166,0.011648122,0.138721988,2.249053417,0.006469,1.089450585,0.606275899,106,hot dogs bacon sausage,meat seafood,52,frozen breakfast,frozen
52,106,0.061680166,0.083967384,0.011648122,0.188847132,2.249053417,0.006469,1.129297142,0.591875475,52,frozen breakfast,frozen,106,hot dogs bacon sausage,meat seafood
107,52,0.168084758,0.061680166,0.017569336,0.104526649,1.694655769,0.007201841,1.047847859,0.492730075,107,chips pretzels,snacks,52,frozen breakfast,frozen
52,107,0.061680166,0.168084758,0.017569336,0.284845805,1.694655769,0.007201841,1.163266954,0.436854945,52,frozen breakfast,frozen,107,chips pretzels,snacks
112,52,0.163438463,0.061680166,0.017518203,0.107185317,1.737759863,0.007437292,1.050968193,0.50748986,112,bread,bakery,52,frozen breakfast,frozen
52,112,0.061680166,0.163438463,0.017518203,0.284016801,1.737759863,0.007437292,1.168409452,0.452453931,52,frozen breakfast,frozen,112,bread,bakery
116,52,0.123892116,0.061680166,0.012046961,0.097237508,1.576479359,0.004405274,1.039387262,0.417386006,116,frozen produce,frozen,52,frozen breakfast,frozen
52,116,0.061680166,0.123892116,0.012046961,0.195313364,1.576479359,0.004405274,1.088756597,0.389712716,52,frozen breakfast,frozen,116,frozen produce,frozen
120,52,0.261859473,0.061680166,0.025958575,0.099131703,1.607189302,0.00980704,1.04157271,0.511820913,120,yogurt,dairy eggs,52,frozen breakfast,frozen
52,120,0.061680166,0.261859473,0.025958575,0.420857743,1.607189302,0.00980704,1.274540958,0.402630047,52,frozen breakfast,frozen,120,yogurt,dairy eggs
121,52,0.092080504,0.061680166,0.010956121,0.118984155,1.929050508,0.00527658,1.065043086,0.530454801,121,cereal,breakfast,52,frozen breakfast,frozen
52,121,0.061680166,0.092080504,0.010956121,0.177627943,1.929050508,0.00527658,1.104025226,0.513268758,52,frozen breakfast,frozen,121,cereal,breakfast
84,53,0.243632223,0.091340778,0.034221686,0.140464531,1.537807463,0.011968129,1.057151513,0.462372336,84,milk,dairy eggs,53,cream,dairy eggs
53,84,0.091340778,0.243632223,0.034221686,0.374659451,1.537807463,0.011968129,1.209529397,0.384878651,53,cream,dairy eggs,84,milk,dairy eggs
108,53,0.086639941,0.091340778,0.013325288,0.153800755,1.683812622,0.005411529,1.073812376,0.444632635,108,other creams cheeses,dairy eggs,53,cream,dairy eggs
53,108,0.091340778,0.086639941,0.013325288,0.145885426,1.683812622,0.005411529,1.069364798,0.446932888,53,cream,dairy eggs,108,other creams cheeses,dairy eggs
77,54,0.087758052,0.06324143,0.01017208,0.115910503,1.832825463,0.004622135,1.059574368,0.498107231,77,soft drinks,beverages,54,paper goods,household
54,77,0.06324143,0.087758052,0.01017208,0.160845192,1.832825463,0.004622135,1.087096135,0.485070888,54,paper goods,household,77,soft drinks,beverages
120,57,0.261859473,0.028539093,0.015616052,0.059635237,2.089598189,0.00814282,1.033068172,0.706422525,120,yogurt,dairy eggs,57,granola,breakfast
57,120,0.028539093,0.261859473,0.015616052,0.54718108,2.089598189,0.00814282,1.630100896,0.536757672,57,granola,breakfast,120,yogurt,dairy eggs
67,59,0.098291472,0.070096676,0.012064005,0.122737047,1.75096815,0.0051741,1.060005236,0.475638603,67,fresh dips tapenades,deli,59,canned meals beans,canned goods
59,67,0.070096676,0.098291472,0.012064005,0.172105238,1.75096815,0.0051741,1.089158391,0.461217175,59,canned meals beans,canned goods,67,fresh dips tapenades,deli
59,69,0.070096676,0.083527639,0.014140009,0.201721539,2.415027418,0.008284999,1.14806099,0.630093485,59,canned meals beans,canned goods,69,soup broth bouillon,canned goods
69,59,0.083527639,0.070096676,0.014140009,0.169285394,2.415027418,0.008284999,1.119401678,0.639327547,69,soup broth bouillon,canned goods,59,canned meals beans,canned goods
81,59,0.074132782,0.070096676,0.018748807,0.252908447,3.607994883,0.013552345,1.24469795,0.780714265,81,canned jarred vegetables,canned goods,59,canned meals beans,canned goods
59,81,0.070096676,0.074132782,0.018748807,0.2674707,3.607994883,0.013552345,1.263931992,0.777325691,59,canned meals beans,canned goods,81,canned jarred vegetables,canned goods
83,59,0.444149009,0.070096676,0.050430882,0.113544961,1.619833743,0.019297513,1.049013523,0.688408762,83,fresh vegetables,produce,59,canned meals beans,canned goods
59,83,0.070096676,0.444149009,0.050430882,0.719447551,1.619833743,0.019297513,1.981272999,0.411497284,59,canned meals beans,canned goods,83,fresh vegetables,produce
59,108,0.070096676,0.086639941,0.011150427,0.15907212,1.836013712,0.005077255,1.086133639,0.489665696,59,canned meals beans,canned goods,108,other creams cheeses,dairy eggs
108,59,0.086639941,0.070096676,0.011150427,0.128698458,1.836013712,0.005077255,1.067257751,0.498534782,108,other creams cheeses,dairy eggs,59,canned meals beans,canned goods
59,116,0.070096676,0.123892116,0.016246693,0.231775519,1.870785056,0.007562268,1.140432134,0.500552085,59,canned meals beans,canned goods,116,frozen produce,frozen
116,59,0.123892116,0.070096676,0.016246693,0.131135813,1.870785056,0.007562268,1.070251644,0.531287364,116,frozen produce,frozen,59,canned meals beans,canned goods
128,59,0.056393002,0.070096676,0.010540238,0.186906849,2.666415305,0.006587276,1.143661489,0.662314555,128,tortillas flat bread,bakery,59,canned meals beans,canned goods
59,128,0.070096676,0.056393002,0.010540238,0.150367164,2.666415305,0.006587276,1.110605615,0.672074863,59,canned meals beans,canned goods,128,tortillas flat bread,bakery
59,131,0.070096676,0.070723908,0.01035275,0.147692457,2.08829603,0.005395239,1.090306075,0.560424589,59,canned meals beans,canned goods,131,dry pasta,dry goods pasta
131,59,0.070723908,0.070096676,0.01035275,0.14638261,2.08829603,0.005395239,1.08936783,0.560802858,131,dry pasta,dry goods pasta,59,canned meals beans,canned goods
61,78,0.059051924,0.114347269,0.014729744,0.249437164,2.181400282,0.007977318,1.179984792,0.575567213,61,cookies cakes,snacks,78,crackers,snacks
78,61,0.114347269,0.059051924,0.014729744,0.128815884,2.181400282,0.007977318,1.080079467,0.611502503,78,crackers,snacks,61,cookies cakes,snacks
107,61,0.168084758,0.059051924,0.020293027,0.120730916,2.044487423,0.010367298,1.070148028,0.614100839,107,chips pretzels,snacks,61,cookies cakes,snacks
61,107,0.059051924,0.168084758,0.020293027,0.343647174,2.044487423,0.010367298,1.267481771,0.542941593,61,cookies cakes,snacks,107,chips pretzels,snacks
83,63,0.444149009,0.040640596,0.02963675,0.066727044,1.641881545,0.01158627,1.027951574,0.703322779,83,fresh vegetables,produce,63,grains rice dried goods,dry goods pasta
63,83,0.040640596,0.444149009,0.02963675,0.72924006,1.641881545,0.01158627,2.052929219,0.407503863,63,grains rice dried goods,dry goods pasta,83,fresh vegetables,produce
91,63,0.169952821,0.040640596,0.010516376,0.061878209,1.522571417,0.003609392,1.02263844,0.413490181,91,soy lactosefree,dairy eggs,63,grains rice dried goods,dry goods pasta
63,91,0.040640596,0.169952821,0.010516376,0.258765308,1.522571417,0.003609392,1.119816959,0.357755766,63,grains rice dried goods,dry goods pasta,91,soy lactosefree,dairy eggs
67,78,0.098291472,0.114347269,0.020582781,0.209405563,1.831312327,0.00934342,1.120236482,0.503425981,67,fresh dips tapenades,deli,78,crackers,snacks
78,67,0.114347269,0.098291472,0.020582781,0.180002385,1.831312327,0.00934342,1.099647744,0.512552475,78,crackers,snacks,67,fresh dips tapenades,deli
88,67,0.077524612,0.098291472,0.011815157,0.152405241,1.550543885,0.004195149,1.063843917,0.384904592,88,spreads,pantry,67,fresh dips tapenades,deli
67,88,0.098291472,0.077524612,0.011815157,0.120205313,1.550543885,0.004195149,1.048512115,0.393769164,67,fresh dips tapenades,deli,88,spreads,pantry
96,67,0.104396766,0.098291472,0.016867108,0.161567347,1.643757521,0.006605797,1.075469239,0.437289359,96,lunch meat,deli,67,fresh dips tapenades,deli
67,96,0.098291472,0.104396766,0.016867108,0.171602969,1.643757521,0.006605797,1.081128011,0.434328558,67,fresh dips tapenades,deli,96,lunch meat,deli
107,67,0.168084758,0.098291472,0.034992091,0.208181228,2.117998878,0.018470793,1.138781448,0.634507209,107,chips pretzels,snacks,67,fresh dips tapenades,deli
67,107,0.098291472,0.168084758,0.034992091,0.356003329,2.117998878,0.018470793,1.291800532,0.585395615,67,fresh dips tapenades,deli,107,chips pretzels,snacks
128,67,0.056393002,0.098291472,0.010877717,0.192891253,1.962441384,0.005334766,1.117208221,0.519740359,128,tortillas flat bread,bakery,67,fresh dips tapenades,deli
67,128,0.098291472,0.056393002,0.010877717,0.110667961,1.962441384,0.005334766,1.061028904,0.543890431,67,fresh dips tapenades,deli,128,tortillas flat bread,bakery
81,69,0.074132782,0.083527639,0.016655758,0.224674668,2.689824231,0.010463622,1.182048777,0.678529798,81,canned jarred vegetables,canned goods,69,soup broth bouillon,canned goods
69,81,0.083527639,0.074132782,0.016655758,0.199404155,2.689824231,0.010463622,1.156472673,0.68548548,69,soup broth bouillon,canned goods,81,canned jarred vegetables,canned goods
83,69,0.444149009,0.083527639,0.055789632,0.125610168,1.503815614,0.018690913,1.04812788,0.602724227,83,fresh vegetables,produce,69,soup broth bouillon,canned goods
69,83,0.083527639,0.444149009,0.055789632,0.667918214,1.503815614,0.018690913,1.673837635,0.365559152,69,soup broth bouillon,canned goods,83,fresh vegetables,produce
106,69,0.083967384,0.083527639,0.011259511,0.134093862,1.605383116,0.004245913,1.058396887,0.411661902,106,hot dogs bacon sausage,meat seafood,69,soup broth bouillon,canned goods
69,106,0.083527639,0.083967384,0.011259511,0.13479982,1.605383116,0.004245913,1.058752226,0.411464377,69,soup broth bouillon,canned goods,106,hot dogs bacon sausage,meat seafood
108,69,0.086639941,0.083527639,0.011627669,0.134206799,1.60673521,0.004390839,1.058534948,0.413440362,108,other creams cheeses,dairy eggs,69,soup broth bouillon,canned goods
69,108,0.083527639,0.086639941,0.011627669,0.139207444,1.60673521,0.004390839,1.061068724,0.412036335,69,soup broth bouillon,canned goods,108,other creams cheeses,dairy eggs
116,69,0.123892116,0.083527639,0.017173907,0.138619855,1.65956869,0.006825491,1.063958075,0.453635684,116,frozen produce,frozen,69,soup broth bouillon,canned goods
69,116,0.083527639,0.123892116,0.017173907,0.205607477,1.65956869,0.006825491,1.102865219,0.433656067,69,soup broth bouillon,canned goods,116,frozen produce,frozen
131,69,0.070723908,0.083527639,0.011770842,0.166433701,1.992558427,0.005863441,1.09945947,0.536043769,131,dry pasta,dry goods pasta,69,soup broth bouillon,canned goods
69,131,0.083527639,0.070723908,0.011770842,0.14092152,1.992558427,0.005863441,1.081712687,0.543532658,69,soup broth bouillon,canned goods,131,dry pasta,dry goods pasta
96,72,0.104396766,0.05930759,0.010243666,0.098122449,1.654466988,0.004052146,1.043037837,0.441686358,96,lunch meat,deli,72,condiments,pantry
72,96,0.05930759,0.104396766,0.010243666,0.172721002,1.654466988,0.004052146,1.082589111,0.420515491,72,condiments,pantry,96,lunch meat,deli
98,77,0.089281818,0.087758052,0.012398075,0.138864495,1.582356179,0.004562876,1.059347737,0.404110778,98,juice nectars,beverages,77,soft drinks,beverages
77,98,0.087758052,0.089281818,0.012398075,0.141275637,1.582356179,0.004562876,1.060547739,0.40343577,77,soft drinks,beverages,98,juice nectars,beverages
107,77,0.168084758,0.087758052,0.022263356,0.132453152,1.509299135,0.007512565,1.051518947,0.405619228,107,chips pretzels,snacks,77,soft drinks,beverages
77,107,0.087758052,0.168084758,0.022263356,0.25369018,1.509299135,0.007512565,1.114704939,0.369902764,77,soft drinks,beverages,107,chips pretzels,snacks
88,78,0.077524612,0.114347269,0.014958139,0.19294697,1.687377166,0.006093411,1.097391,0.441599065,88,spreads,pantry,78,crackers,snacks
78,88,0.114347269,0.077524612,0.014958139,0.13081326,1.687377166,0.006093411,1.06130863,0.459959366,78,crackers,snacks,88,spreads,pantry
93,78,0.068160435,0.114347269,0.012905997,0.189347337,1.655897328,0.005112037,1.092518129,0.425070837,93,breakfast bakery,bakery,78,crackers,snacks
78,93,0.114347269,0.068160435,0.012905997,0.112866683,1.655897328,0.005112037,1.050394057,0.447238302,78,crackers,snacks,93,breakfast bakery,bakery
96,78,0.104396766,0.114347269,0.020371431,0.195134694,1.706509442,0.008433946,1.100373844,0.462267777,96,lunch meat,deli,78,crackers,snacks
78,96,0.114347269,0.104396766,0.020371431,0.178154066,1.706509442,0.008433946,1.089745897,0.467461457,78,crackers,snacks,96,lunch meat,deli
107,78,0.168084758,0.114347269,0.034678475,0.206315405,1.804288002,0.015458442,1.115874917,0.535829534,107,chips pretzels,snacks,78,crackers,snacks
78,107,0.114347269,0.168084758,0.034678475,0.303273313,1.804288002,0.015458442,1.19403384,0.503317769,78,crackers,snacks,107,chips pretzels,snacks
108,78,0.086639941,0.114347269,0.015455835,0.178391564,1.560085923,0.005548794,1.0779499,0.393064773,108,other creams cheeses,dairy eggs,78,crackers,snacks
78,108,0.114347269,0.086639941,0.015455835,0.135165752,1.560085923,0.005548794,1.056109956,0.405361663,78,crackers,snacks,108,other creams cheeses,dairy eggs
112,78,0.163438463,0.114347269,0.029142464,0.178308478,1.559359312,0.010453722,1.077840903,0.428792106,112,bread,bakery,78,crackers,snacks
78,112,0.114347269,0.163438463,0.029142464,0.254859289,1.559359312,0.010453722,1.122689346,0.40502442,78,crackers,snacks,112,bread,bakery
117,78,0.080442608,0.114347269,0.014927459,0.185566573,1.622833456,0.005729067,1.087446441,0.417367993,117,nuts seeds dried fruit,snacks,78,crackers,snacks
78,117,0.114347269,0.080442608,0.014927459,0.130544956,1.622833456,0.005729067,1.057625001,0.433345723,78,crackers,snacks,117,nuts seeds dried fruit,snacks
121,78,0.092080504,0.114347269,0.019219232,0.208722049,1.825334804,0.008690077,1.119268811,0.498012545,121,cereal,breakfast,78,crackers,snacks
78,121,0.114347269,0.092080504,0.019219232,0.168077749,1.825334804,0.008690077,1.091351379,0.510533399,78,crackers,snacks,121,cereal,breakfast
128,78,0.056393002,0.114347269,0.01047547,0.185758327,1.624510395,0.004027084,1.087702534,0.40740469,128,tortillas flat bread,bakery,78,crackers,snacks
78,128,0.114347269,0.056393002,0.01047547,0.091611018,1.624510395,0.004027084,1.038769753,0.434063942,78,crackers,snacks,128,tortillas flat bread,bakery
129,78,0.051934195,0.114347269,0.010461834,0.201444043,1.761686531,0.004523301,1.109067841,0.456046534,129,frozen appetizers sides,frozen,78,crackers,snacks
78,129,0.114347269,0.051934195,0.010461834,0.091491772,1.761686531,0.004523301,1.043541242,0.488184713,78,crackers,snacks,129,frozen appetizers sides,frozen
131,78,0.070723908,0.114347269,0.012800322,0.180990023,1.582810193,0.004713236,1.081369893,0.39623564,131,dry pasta,dry goods pasta,78,crackers,snacks
78,131,0.114347269,0.070723908,0.012800322,0.111942523,1.582810193,0.004713236,1.046414355,0.415752466,78,crackers,snacks,131,dry pasta,dry goods pasta
107,79,0.168084758,0.042962039,0.013335515,0.079338038,1.846700965,0.006114251,1.039510701,0.551130438,107,chips pretzels,snacks,79,frozen pizza,frozen
79,107,0.042962039,0.168084758,0.013335515,0.310402285,1.846700965,0.006114251,1.206377608,0.479075889,79,frozen pizza,frozen,107,chips pretzels,snacks
112,79,0.163438463,0.042962039,0.011528812,0.070539159,1.641895065,0.004507162,1.029670019,0.467326863,112,bread,bakery,79,frozen pizza,frozen
79,112,0.042962039,0.163438463,0.011528812,0.268348806,1.641895065,0.004507162,1.143388467,0.408497567,79,frozen pizza,frozen,112,bread,bakery
81,83,0.074132782,0.444149009,0.056389593,0.760656642,1.712615873,0.023463592,2.322399905,0.44941423,81,canned jarred vegetables,canned goods,83,fresh vegetables,produce
83,81,0.444149009,0.074132782,0.056389593,0.12696098,1.712615873,0.023463592,1.060510695,0.748578143,83,fresh vegetables,produce,81,canned jarred vegetables,canned goods
104,81,0.051848973,0.074132782,0.010833402,0.208941486,2.818476239,0.006989693,1.17041559,0.680480576,104,spices seasonings,pantry,81,canned jarred vegetables,canned goods
81,104,0.074132782,0.051848973,0.010833402,0.146135099,2.818476239,0.006989693,1.110422768,0.69685841,81,canned jarred vegetables,canned goods,104,spices seasonings,pantry
81,108,0.074132782,0.086639941,0.011457225,0.154550053,1.783819921,0.005034366,1.080324225,0.474587811,81,canned jarred vegetables,canned goods,108,other creams cheeses,dairy eggs
108,81,0.086639941,0.074132782,0.011457225,0.132239534,1.783819921,0.005034366,1.066961741,0.481086612,108,other creams cheeses,dairy eggs,81,canned jarred vegetables,canned goods
81,116,0.074132782,0.123892116,0.016130792,0.217593231,1.756312172,0.006946324,1.119760103,0.465104639,81,canned jarred vegetables,canned goods,116,frozen produce,frozen
116,81,0.123892116,0.074132782,0.016130792,0.130200308,1.756312172,0.006946324,1.064460273,0.491520675,116,frozen produce,frozen,81,canned jarred vegetables,canned goods
81,131,0.074132782,0.070723908,0.012977583,0.175058629,2.475239739,0.007734623,1.126475316,0.643719443,81,canned jarred vegetables,canned goods,131,dry pasta,dry goods pasta
131,81,0.070723908,0.074132782,0.012977583,0.183496409,2.475239739,0.007734623,1.133941391,0.641358079,131,dry pasta,dry goods pasta,81,canned jarred vegetables,canned goods
104,83,0.051848973,0.444149009,0.035759088,0.689677844,1.552807346,0.012730418,1.791206266,0.375472997,104,spices seasonings,pantry,83,fresh vegetables,produce
83,104,0.444149009,0.051848973,0.035759088,0.080511467,1.552807346,0.012730418,1.031172214,0.640468602,83,fresh vegetables,produce,104,spices seasonings,pantry
83,110,0.444149009,0.031832065,0.021230467,0.047800325,1.501640722,0.007092287,1.016769865,0.600991546,83,fresh vegetables,produce,110,pickled goods olives,pantry
110,83,0.031832065,0.444149009,0.021230467,0.666952238,1.501640722,0.007092287,1.668982816,0.345045249,110,pickled goods olives,pantry,83,fresh vegetables,produce
122,83,0.021697483,0.444149009,0.016400093,0.755852317,1.701798952,0.006763177,2.276699845,0.421532721,122,meat counter,meat seafood,83,fresh vegetables,produce
83,122,0.444149009,0.021697483,0.016400093,0.036924754,1.701798952,0.006763177,1.015811091,0.741901209,83,fresh vegetables,produce,122,meat counter,meat seafood
92,84,0.045920941,0.243632223,0.019188552,0.417860589,1.71512858,0.008000731,1.299289763,0.437021786,92,baby food formula,babies,84,milk,dairy eggs
84,92,0.243632223,0.045920941,0.019188552,0.078760319,1.71512858,0.008000731,1.035646942,0.5512574,84,milk,dairy eggs,92,baby food formula,babies
121,84,0.092080504,0.243632223,0.035946576,0.390382052,1.602341624,0.013512798,1.24072426,0.414038207,121,cereal,breakfast,84,milk,dairy eggs
84,121,0.243632223,0.092080504,0.035946576,0.147544424,1.602341624,0.013512798,1.065063708,0.496998116,84,milk,dairy eggs,121,cereal,breakfast
96,86,0.104396766,0.137537839,0.022515613,0.215673469,1.568102798,0.008157107,1.099621303,0.40451697,96,lunch meat,deli,86,eggs,dairy eggs
86,96,0.137537839,0.104396766,0.022515613,0.16370486,1.568102798,0.008157107,1.07091766,0.420060987,86,eggs,dairy eggs,96,lunch meat,deli
106,86,0.083967384,0.137537839,0.020003273,0.238226697,1.732081146,0.00845458,1.132176933,0.461402614,106,hot dogs bacon sausage,meat seafood,86,eggs,dairy eggs
86,106,0.137537839,0.083967384,0.020003273,0.145438323,1.732081146,0.00845458,1.071932712,0.490061898,86,eggs,dairy eggs,106,hot dogs bacon sausage,meat seafood
108,86,0.086639941,0.137537839,0.01855791,0.214195782,1.557358939,0.00664164,1.09755349,0.39183591,108,other creams cheeses,dairy eggs,86,eggs,dairy eggs
86,108,0.137537839,0.086639941,0.01855791,0.134929487,1.557358939,0.00664164,1.055821514,0.414959967,86,eggs,dairy eggs,108,other creams cheeses,dairy eggs
112,86,0.163438463,0.137537839,0.036819248,0.225278965,1.637941733,0.014340275,1.113255124,0.465569662,112,bread,bakery,86,eggs,dairy eggs
86,112,0.137537839,0.163438463,0.036819248,0.267702679,1.637941733,0.014340275,1.142379623,0.451588127,86,eggs,dairy eggs,112,bread,bakery
128,86,0.056393002,0.137537839,0.012803731,0.227044671,1.650779698,0.005047559,1.115798196,0.417785847,128,tortillas flat bread,bakery,86,eggs,dairy eggs
86,128,0.137537839,0.056393002,0.012803731,0.093092423,1.650779698,0.005047559,1.04046655,0.457093269,86,eggs,dairy eggs,128,tortillas flat bread,bakery
131,86,0.070723908,0.137537839,0.014695656,0.207789078,1.510777545,0.004968442,1.088677444,0.363819951,131,dry pasta,dry goods pasta,86,eggs,dairy eggs
86,131,0.137537839,0.070723908,0.014695656,0.106848093,1.510777545,0.004968442,1.040445734,0.392004655,86,eggs,dairy eggs,131,dry pasta,dry goods pasta
88,91,0.077524612,0.169952821,0.020729363,0.267390731,1.573323284,0.007553836,1.133001197,0.395027038,88,spreads,pantry,91,soy lactosefree,dairy eggs
91,88,0.169952821,0.077524612,0.020729363,0.121971277,1.573323284,0.007553836,1.05062097,0.439014467,91,soy lactosefree,dairy eggs,88,spreads,pantry
88,108,0.077524612,0.086639941,0.010168671,0.131167004,1.513932283,0.003451943,1.051249277,0.367997324,88,spreads,pantry,108,other creams cheeses,dairy eggs
108,88,0.086639941,0.077524612,0.010168671,0.117367013,1.513932283,0.003451943,1.045140394,0.371669936,108,other creams cheeses,dairy eggs,88,spreads,pantry
112,88,0.163438463,0.077524612,0.022570155,0.138095735,1.781314746,0.009899651,1.070275929,0.524309184,112,bread,bakery,88,spreads,pantry
88,112,0.077524612,0.163438463,0.022570155,0.291135344,1.781314746,0.009899651,1.180142825,0.475478157,88,spreads,pantry,112,bread,bakery
88,117,0.077524612,0.080442608,0.010168671,0.131167004,1.630566272,0.003932389,1.058382216,0.419215657,88,spreads,pantry,117,nuts seeds dried fruit,snacks
117,88,0.080442608,0.077524612,0.010168671,0.126409018,1.630566272,0.003932389,1.055958002,0.420545938,117,nuts seeds dried fruit,snacks,88,spreads,pantry
88,121,0.077524612,0.092080504,0.012357168,0.159396711,1.731058194,0.005218663,1.080080827,0.457810231,88,spreads,pantry,121,cereal,breakfast
121,88,0.092080504,0.077524612,0.012357168,0.134199615,1.731058194,0.005218663,1.065459665,0.465149908,121,cereal,breakfast,88,spreads,pantry
89,123,0.027001691,0.368512913,0.015837629,0.586542103,1.591645999,0.005887157,1.527331059,0.382035187,89,salad dressing toppings,pantry,123,packaged vegetables fruits,produce
123,89,0.368512913,0.027001691,0.015837629,0.042977133,1.591645999,0.005887157,1.016692853,0.588641633,123,packaged vegetables fruits,produce,89,salad dressing toppings,pantry
91,116,0.169952821,0.123892116,0.033475142,0.196967266,1.589828894,0.012419328,1.090998968,0.446964345,91,soy lactosefree,dairy eggs,116,frozen produce,frozen
116,91,0.123892116,0.169952821,0.033475142,0.270195906,1.589828894,0.012419328,1.137356155,0.423465535,116,frozen produce,frozen,91,soy lactosefree,dairy eggs
121,91,0.092080504,0.169952821,0.023865527,0.259181105,1.52501796,0.008216185,1.120445475,0.379185621,121,cereal,breakfast,91,soy lactosefree,dairy eggs
91,121,0.169952821,0.092080504,0.023865527,0.140424422,1.52501796,0.008216185,1.056241615,0.414759578,91,soy lactosefree,dairy eggs,121,cereal,breakfast
130,91,0.045368704,0.169952821,0.012609425,0.277932226,1.635349295,0.004898886,1.149541925,0.406973711,130,hot cereal pancake mixes,breakfast,91,soy lactosefree,dairy eggs
91,130,0.169952821,0.045368704,0.012609425,0.074193678,1.635349295,0.004898886,1.031134994,0.468057541,91,soy lactosefree,dairy eggs,130,hot cereal pancake mixes,breakfast
112,92,0.163438463,0.045920941,0.01132087,0.069266868,1.508393909,0.003815622,1.025083374,0.402891102,112,bread,bakery,92,baby food formula,babies
92,112,0.045920941,0.163438463,0.01132087,0.246529582,1.508393909,0.003815622,1.110277878,0.353265483,92,baby food formula,babies,112,bread,bakery
120,92,0.261859473,0.045920941,0.021687256,0.082820209,1.803539008,0.009662423,1.040231226,0.603590469,120,yogurt,dairy eggs,92,baby food formula,babies
92,120,0.045920941,0.261859473,0.021687256,0.472273773,1.803539008,0.009662423,1.398718673,0.466978688,92,baby food formula,babies,120,yogurt,dairy eggs
96,93,0.104396766,0.068160435,0.012575336,0.120457143,1.767259003,0.005459607,1.059458965,0.484759286,96,lunch meat,deli,93,breakfast bakery,bakery
93,96,0.068160435,0.104396766,0.012575336,0.184496124,1.767259003,0.005459607,1.098220696,0.465908511,93,breakfast bakery,bakery,96,lunch meat,deli
106,93,0.083967384,0.068160435,0.010011863,0.119235141,1.749330691,0.004288609,1.057989037,0.467617405,106,hot dogs bacon sausage,meat seafood,93,breakfast bakery,bakery
93,106,0.068160435,0.083967384,0.010011863,0.146886722,1.749330691,0.004288609,1.073752618,0.459685134,93,breakfast bakery,bakery,106,hot dogs bacon sausage,meat seafood
107,93,0.168084758,0.068160435,0.01879994,0.111847976,1.64095161,0.00734321,1.04918926,0.46951599,107,chips pretzels,snacks,93,breakfast bakery,bakery
93,107,0.068160435,0.168084758,0.01879994,0.275818955,1.64095161,0.00734321,1.148766938,0.419168195,93,breakfast bakery,bakery,107,chips pretzels,snacks
108,93,0.086639941,0.068160435,0.01568082,0.180988354,2.65532861,0.009775404,1.137761067,0.682533434,108,other creams cheeses,dairy eggs,93,breakfast bakery,bakery
93,108,0.068160435,0.086639941,0.01568082,0.230057514,2.65532861,0.009775404,1.186270502,0.668997971,93,breakfast bakery,bakery,108,other creams cheeses,dairy eggs
112,93,0.163438463,0.068160435,0.020255529,0.123933674,1.818264123,0.009115492,1.063663261,0.537945956,112,bread,bakery,93,breakfast bakery,bakery
93,112,0.068160435,0.163438463,0.020255529,0.297174294,1.818264123,0.009115492,1.190283066,0.482942465,93,breakfast bakery,bakery,112,bread,bakery
121,93,0.092080504,0.068160435,0.011494723,0.124833407,1.831464352,0.005218476,1.064756782,0.500032028,121,cereal,breakfast,93,breakfast bakery,bakery
93,121,0.068160435,0.092080504,0.011494723,0.168642161,1.831464352,0.005218476,1.092092301,0.487196341,93,breakfast bakery,bakery,121,cereal,breakfast
96,106,0.104396766,0.083967384,0.018155663,0.173910204,2.071163778,0.00938974,1.108877777,0.577465154,96,lunch meat,deli,106,hot dogs bacon sausage,meat seafood
106,96,0.083967384,0.104396766,0.018155663,0.2162228,2.071163778,0.00938974,1.142675793,0.564586512,106,hot dogs bacon sausage,meat seafood,96,lunch meat,deli
96,107,0.104396766,0.168084758,0.028228885,0.2704,1.608712193,0.01068138,1.140234706,0.422491518,96,lunch meat,deli,107,chips pretzels,snacks
107,96,0.168084758,0.104396766,0.028228885,0.16794435,1.608712193,0.01068138,1.076374199,0.454835722,107,chips pretzels,snacks,96,lunch meat,deli
96,108,0.104396766,0.086639941,0.015012681,0.143804082,1.659789698,0.005967751,1.066765257,0.443850601,96,lunch meat,deli,108,other creams cheeses,dairy eggs
108,96,0.086639941,0.104396766,0.015012681,0.173276676,1.659789698,0.005967751,1.083316762,0.435221608,108,other creams cheeses,dairy eggs,96,lunch meat,deli
112,96,0.163438463,0.104396766,0.03363536,0.205798311,1.971309257,0.016572913,1.127677322,0.588985867,112,bread,bakery,96,lunch meat,deli
96,112,0.104396766,0.163438463,0.03363536,0.322187755,1.971309257,0.016572913,1.234208357,0.550157595,96,lunch meat,deli,112,bread,bakery
96,121,0.104396766,0.092080504,0.014777469,0.14155102,1.537252885,0.005164562,1.057627789,0.390227423,96,lunch meat,deli,121,cereal,breakfast
121,96,0.092080504,0.104396766,0.014777469,0.160484229,1.537252885,0.005164562,1.066809303,0.384933845,121,cereal,breakfast,96,lunch meat,deli
128,96,0.056393002,0.104396766,0.010536829,0.1868464,1.789771925,0.004649582,1.101394908,0.467641287,128,tortillas flat bread,bakery,96,lunch meat,deli
96,128,0.104396766,0.056393002,0.010536829,0.100930612,1.789771925,0.004649582,1.049537456,0.492706563,96,lunch meat,deli,128,tortillas flat bread,bakery
96,129,0.104396766,0.051934195,0.010097085,0.096718367,1.862325336,0.004675323,1.049579412,0.517011188,96,lunch meat,deli,129,frozen appetizers sides,frozen
129,96,0.051934195,0.104396766,0.010097085,0.194420742,1.862325336,0.004675323,1.111750613,0.488401638,129,frozen appetizers sides,frozen,96,lunch meat,deli
96,131,0.104396766,0.070723908,0.012115138,0.11604898,1.640873392,0.004731791,1.051275546,0.436095409,96,lunch meat,deli,131,dry pasta,dry goods pasta
131,96,0.070723908,0.104396766,0.012115138,0.171301875,1.640873392,0.004731791,1.080735201,0.420293239,131,dry pasta,dry goods pasta,96,lunch meat,deli
120,99,0.261859473,0.023592817,0.010956121,0.041839697,1.77340829,0.004778118,1.019043661,0.590827958,120,yogurt,dairy eggs,99,canned fruit applesauce,canned goods
99,120,0.023592817,0.261859473,0.010956121,0.46438376,1.77340829,0.004778118,1.378114537,0.446651835,99,canned fruit applesauce,canned goods,120,yogurt,dairy eggs
104,116,0.051848973,0.123892116,0.010120947,0.195200526,1.575568586,0.003697268,1.088603947,0.385285132,104,spices seasonings,pantry,116,frozen produce,frozen
116,104,0.123892116,0.051848973,0.010120947,0.081691613,1.575568586,0.003697268,1.032497406,0.416967476,116,frozen produce,frozen,104,spices seasonings,pantry
106,107,0.083967384,0.168084758,0.021755434,0.259093862,1.541447686,0.007641796,1.122834862,0.383457092,106,hot dogs bacon sausage,meat seafood,107,chips pretzels,snacks
107,106,0.168084758,0.083967384,0.021755434,0.12943133,1.541447686,0.007641796,1.052223273,0.422229556,107,chips pretzels,snacks,106,hot dogs bacon sausage,meat seafood
106,108,0.083967384,0.086639941,0.012275355,0.146191945,1.687350471,0.005000426,1.069748703,0.444694748,106,hot dogs bacon sausage,meat seafood,108,other creams cheeses,dairy eggs
108,106,0.086639941,0.083967384,0.012275355,0.141682405,1.687350471,0.005000426,1.067242034,0.445995957,108,other creams cheeses,dairy eggs,106,hot dogs bacon sausage,meat seafood
112,106,0.163438463,0.083967384,0.022369031,0.136865158,1.629980019,0.008645531,1.061285643,0.462004921,112,bread,bakery,106,hot dogs bacon sausage,meat seafood
106,112,0.083967384,0.163438463,0.022369031,0.266401429,1.629980019,0.008645531,1.140353281,0.421923347,106,hot dogs bacon sausage,meat seafood,112,bread,bakery
106,131,0.083967384,0.070723908,0.010509558,0.12516239,1.769732373,0.004571057,1.062226957,0.47481149,106,hot dogs bacon sausage,meat seafood,131,dry pasta,dry goods pasta
131,106,0.070723908,0.083967384,0.010509558,0.148599798,1.769732373,0.004571057,1.075913082,0.468044766,131,dry pasta,dry goods pasta,106,hot dogs bacon sausage,meat seafood
107,108,0.168084758,0.086639941,0.021878153,0.130161434,1.502325978,0.0073153,1.050033989,0.401922557,107,chips pretzels,snacks,108,other creams cheeses,dairy eggs
108,107,0.086639941,0.168084758,0.021878153,0.252518099,1.502325978,0.0073153,1.112957037,0.366082902,108,other creams cheeses,dairy eggs,107,chips pretzels,snacks
121,107,0.092080504,0.168084758,0.025167717,0.273322968,1.626102036,0.009690387,1.144821158,0.424082138,121,cereal,breakfast,107,chips pretzels,snacks
107,121,0.168084758,0.092080504,0.025167717,0.149732295,1.626102036,0.009690387,1.067804282,0.462826525,107,chips pretzels,snacks,121,cereal,breakfast
128,107,0.056393002,0.168084758,0.015244484,0.270325818,1.608270853,0.00576568,1.140118784,0.400817489,128,tortillas flat bread,bakery,107,chips pretzels,snacks
107,128,0.168084758,0.056393002,0.015244484,0.090695222,1.608270853,0.00576568,1.037723567,0.454630674,107,chips pretzels,snacks,128,tortillas flat bread,bakery
129,107,0.051934195,0.168084758,0.016161472,0.311191336,1.851395326,0.007432125,1.207759549,0.485057938,129,frozen appetizers sides,frozen,107,chips pretzels,snacks
107,129,0.168084758,0.051934195,0.016161472,0.096150726,1.851395326,0.007432125,1.048920248,0.552780886,107,chips pretzels,snacks,129,frozen appetizers sides,frozen
112,108,0.163438463,0.086639941,0.023057624,0.141078319,1.628328888,0.008897325,1.063379909,0.461261287,112,bread,bakery,108,other creams cheeses,dairy eggs
108,112,0.086639941,0.163438463,0.023057624,0.266131571,1.628328888,0.008897325,1.139933949,0.422476818,108,other creams cheeses,dairy eggs,112,bread,bakery
131,108,0.070723908,0.086639941,0.011218604,0.158625343,1.830857009,0.005091089,1.085556894,0.488345395,131,dry pasta,dry goods pasta,108,other creams cheeses,dairy eggs
108,131,0.086639941,0.070723908,0.011218604,0.129485364,1.830857009,0.005091089,1.067501973,0.496855206,108,other creams cheeses,dairy eggs,131,dry pasta,dry goods pasta
112,121,0.163438463,0.092080504,0.025123401,0.153717802,1.669384886,0.010073905,1.072833031,0.479315565,112,bread,bakery,121,cereal,breakfast
121,112,0.092080504,0.163438463,0.025123401,0.2728417,1.669384886,0.010073905,1.150453123,0.441643744,121,cereal,breakfast,112,bread,bakery
128,112,0.056393002,0.163438463,0.016550083,0.293477604,1.795645887,0.007333298,1.184055228,0.469578251,128,tortillas flat bread,bakery,112,bread,bakery
112,128,0.163438463,0.056393002,0.016550083,0.101261863,1.795645887,0.007333298,1.049924287,0.529664949,112,bread,bakery,128,tortillas flat bread,bakery
112,129,0.163438463,0.051934195,0.01319916,0.080759203,1.555029458,0.004711115,1.031357407,0.426657634,112,bread,bakery,129,frozen appetizers sides,frozen
129,112,0.051934195,0.163438463,0.01319916,0.254151625,1.555029458,0.004711115,1.121624132,0.376477417,129,frozen appetizers sides,frozen,112,bread,bakery
112,130,0.163438463,0.045368704,0.011484496,0.070268015,1.548821314,0.004069505,1.026781171,0.423576405,112,bread,bakery,130,hot cereal pancake mixes,breakfast
130,112,0.045368704,0.163438463,0.011484496,0.253136975,1.548821314,0.004069505,1.120100352,0.371188049,130,hot cereal pancake mixes,breakfast,112,bread,bakery
112,131,0.163438463,0.070723908,0.01955671,0.119657941,1.691902271,0.007997703,1.055585249,0.488845464,112,bread,bakery,131,dry pasta,dry goods pasta
131,112,0.070723908,0.163438463,0.01955671,0.276521907,1.691902271,0.007997703,1.156305277,0.440072995,131,dry pasta,dry goods pasta,112,bread,bakery
129,116,0.051934195,0.123892116,0.010714091,0.20630128,1.665168751,0.004279854,1.103829277,0.42134234,129,frozen appetizers sides,frozen,116,frozen produce,frozen
116,129,0.123892116,0.051934195,0.010714091,0.086479199,1.665168751,0.004279854,1.037815235,0.455948716,116,frozen produce,frozen,129,frozen appetizers sides,frozen
131,116,0.070723908,0.123892116,0.014797922,0.20923507,1.688848951,0.006035787,1.107924556,0.438923091,131,dry pasta,dry goods pasta,116,frozen produce,frozen
116,131,0.123892116,0.070723908,0.014797922,0.119441999,1.688848951,0.006035787,1.055326384,0.465559941,116,frozen produce,frozen,131,dry pasta,dry goods pasta
120,121,0.261859473,0.092080504,0.036621533,0.139851856,1.518799851,0.012509381,1.055538516,0.462764724,120,yogurt,dairy eggs,121,cereal,breakfast
121,120,0.092080504,0.261859473,0.036621533,0.397712128,1.518799851,0.012509381,1.225561001,0.376228729,121,cereal,breakfast,120,yogurt,dairy eggs
120,130,0.261859473,0.045368704,0.01795113,0.068552534,1.511009312,0.006070906,1.02489011,0.458165752,120,yogurt,dairy eggs,130,hot cereal pancake mixes,breakfast
130,120,0.045368704,0.261859473,0.01795113,0.395672102,1.511009312,0.006070906,1.221423882,0.354263171,130,hot cereal pancake mixes,breakfast,120,yogurt,dairy eggs
121,131,0.092080504,0.070723908,0.011372004,0.123500666,1.746236443,0.00485971,1.060213118,0.470680347,121,cereal,breakfast,131,dry pasta,dry goods pasta
131,121,0.070723908,0.092080504,0.011372004,0.160794332,1.746236443,0.00485971,1.081879604,0.459863185,131,dry pasta,dry goods pasta,121,cereal,breakfast
